{
  "PercentageVotesByParty": {
    "Bharatiya Janata Party": 46.2743780225985,
    "Indian National Congress": 42.2297044701119,
    "Janta Congress Chhattisgarh (J)": 1.2306160825889052,
    "Bahujan Samaj Party": 2.0460784833551893,
    "Independent": 2.695438477414646,
    "Johar Chhattisgarh Party": 0.22585322239628403,
    "Bhartiya Shakti Chetna Party": 0.13730151577880123,
    "Chhattisgarh Mahatari Party": 0.00911420598988176,
    "Shakti Sena (Bharat Desh)": 0.011915625094140153,
    "None of the Above": 1.2643354467844539,
    "India Praja Bandhu Party": 0.003070048333433856,
    "Aam Aadmi Party": 0.9255556131900277,
    "Samajwadi Party": 0.04408077732088778,
    "Akhand Loktantrik Party": 0.002168221635487661,
    "Hamar Raj Party": 0.5139772584890514,
    "Janata Congress": 0.030182412678071598,
    "Gondvana Gantantra Party": 1.3875467198995992,
    "Rashtriya mahan Gantantra Party": 0.0018420290000603138,
    "Ambedkarite Party of India": 0.08745160596466899,
    "Rashtriya Jansabha Party": 0.06659446509940273,
    "Sarv Adi Dal": 0.08603170861045582,
    "Right to Recall Party": 0.006773294135638445,
    "Pragatisheel Samaj Party": 0.0022961403160474047,
    "Gana Suraksha Party": 0.028884038070390194,
    "Bhrashtachar Mukti Morcha": 0.0026990841598105984,
    "Azad Janata Party": 0.0353311395706013,
    "Communist Party of India": 0.3895187782384485,
    "National Youth Party": 0.019910542629124155,
    "Rashtravadi Bharat Party": 0.002129846031319738,
    "Sarvadharam Party (Madhya Pradesh)": 0.001969947680620058,
    "Baliraja Party": 0.014646688924090689,
    "Chhattisgarhiya Party": 0.024253381834127466,
    "Forward Democratic Labour Party": 0.019290137028409395,
    "Communist Party of India  (Marxist)": 0.0421747889805476,
    "Rashtriya Gondvana Party": 0.010770752903130445,
    "Nyaydharmsabha": 0.0026095410834187775,
    "Parivartan Party of India": 0.0010937047187858113,
    "Peoples Party of India (Democratic)": 0.013712882556004558,
    "Prabuddha Republican Party": 0.004758574916822477,
    "Communist Party of India (Marxist-Leninist) Red Star": 0.0067285225974425345,
    "Socialist Unity Centre Of India (COMMUNIST)": 0.008078064677347835,
    "Rashtriya Hind Ekta Dal": 0.008078064677347835,
    "Bahujan Mukti Party": 0.0377296148310965,
    "Lok Janshakti Party(Ram Vilas)": 0.006798877871750393,
    "Hindustan Janta Party": 0.0022769525139634435,
    "Bhartiya Sarvjan Hitay Samaj Party": 0.009600296976008787,
    "Chhattisgarhi Samaj Party": 0.0026671044896706625,
    "Swabhiman Party": 0.0018995924063121984,
    "Pichhara Samaj Party United": 0.0012599990035134785,
    "Lok Samaj Party": 0.0035817230556728324,
    "Asankhya Samaj Party": 0.0024368508646631236,
    "Republican Party of India": 0.005673193482824647,
    "Loktantra Congress Party": 0.002782231302174432,
    "Republican Paksha (Khoripa)": 0.0006651771389106688,
    "Aap Sabki Apni Party": 0.0017269021875565439,
    "Lok Jan Shakti Party": 0.001080912850729837,
    "Chhattisgarh Swabhiman Manch": 0.0008762429618342464
  }
}