{
  "PercentageVotesByParty": {
    "Indian National Congress": 39.4020884259774,
    "Bharat Rashtra Samithi": 37.34632476806382,
    "Bharatiya Janata Party": 13.89731779046064,
    "Independent": 2.183964115134847,
    "Bahujan Samaj Party": 1.3697781564680394,
    "Alliance of Democratic Reforms Party": 0.26801788099874685,
    "Dharma Samaj Party": 0.16618277571182824,
    "Yuga Thulasi Party": 0.051160728219552906,
    "Aabaad Party": 0.024270628989412648,
    "Bahujan Mukti Party": 0.035588958873207996,
    "Praja Shanthi Party": 0.01835762287597866,
    "None of the Above": 0.7335369921672721,
    "Praja Ektha Party": 0.010038458430671112,
    "Republican Party of India": 0.013157078538117173,
    "Bharatha Chaitanya Yuvajana Party": 0.054577984999394626,
    "Gondvana Gantantra Party": 0.013101617441815126,
    "Baliraja Party": 0.0029522368185399108,
    "Telangana Republican Party": 0.006232973976715043,
    "Telangana Rashtra Punahnirmana Samithi": 0.0015358457437490865,
    "Indian Praja Congress": 0.004607537231247259,
    "Vidhyarthula Rajakiya Party": 0.048545524217002374,
    "Pyramid Party of India": 0.023660556930090094,
    "All India Samata Party": 0.0016808978417698333,
    "All India Forward Bloc": 0.6234253848168168,
    "Navarang Congress Party": 0.03104114897643987,
    "Dravida Jananayaga Makkal Katchi": 0.0002047794324998782,
    "India Praja Bandhu Party": 0.027500171289462808,
    "Majlis Bachao Tahreek": 0.2108502894258642,
    "Janata Congress": 0.0034471204470812827,
    "Communist Party of India  (Marxist)": 0.22339729590465882,
    "Janasena Party": 0.251712318685944,
    "Gondwana Dandkaranya Party": 0.012628065004159156,
    "All India Majlis-E-Ittehadul Muslimeen": 2.2157945181740466,
    "Majlis Markaz-e-Siyasee Party": 0.0012884039294784003,
    "All India Majlis-E-Inquilab-E-Millat": 0.00396333526650806,
    "Jai Maha Bharath Party": 0.009296132987859054,
    "Bahujana Left Party": 0.01119887521483709,
    "Socialist Party (India)": 0.015503509535511611,
    "Communist Party of India (Marxist-Leninist) Red Star": 0.0029053081985920223,
    "Dalita Bahujana Party": 0.0030546265347898495,
    "All India Hindustan Congress Party": 0.0033617956835396666,
    "Bhartiya Swadeshi Congress": 0.009355860322338184,
    "Telangana Communist Party of India": 0.008075988869213947,
    "Marxist Communist Party of India (United)": 0.06546115858912772,
    "Social Justice Party of India": 0.005802083920829882,
    "Jana Shankhaaraavam Party": 0.010908771018795595,
    "Bharath Samaj Devlop Party": 0.0007636566336974624,
    "Rashtriya Praja Congress  (Secular)": 0.0013779949311970969,
    "Communist Party of India  (Marxist-Leninist)  (Liberation)": 0.0025298792390089117,
    "Rashtriya Jankranti Party": 0.005934337304319387,
    "Gana Suraksha Party": 0.007376325808172696,
    "Telangana Rajya Samithi": 0.0071587476611415755,
    "Prajarajya Samithi": 0.0023080348538007107,
    "All India Mahila Empowerment Party": 0.005849012540777771,
    "Praja Velugu Party": 0.01500862590697024,
    "Peoples Party of India (Democratic)": 0.006245772691246285,
    "Jai Swaraj Party": 0.005827681349892367,
    "Telangana Jaghir Party": 0.008664729737651096,
    "Blue India Party": 0.0026450676697900933,
    "Rashtra Samanya Praja Party": 0.0025640091444255582,
    "People Protection Party": 0.00718861132838114,
    "Mana Telangana Rashtra Samaikya Party": 0.008724457072130227,
    "Samaikyandhra Parirakshana Samithi": 0.022713452054778156,
    "Yuva Taram Party": 0.0042875693679662,
    "National Nava Kranthi Party": 0.0025298792390089117,
    "Republican Party of India (A)": 0.0068558447505688395,
    "Telangana Dravida Prajala Party": 0.004577673564007694,
    "New India Party": 0.0031228863456231426,
    "Telangana Sakalajanula Party": 0.002551210429894316,
    "Revolutionary Communist Party of India  (Rasik Bhatt)": 0.003357529445362587,
    "B. C. United Front": 0.0008447151590619975,
    "Bahujan Bal Party": 0.000648468202916281,
    "Socialist Unity Centre Of India (COMMUNIST)": 0.00568262925187162,
    "Bahujan Republican  Socialist Party": 0.00831063196895339,
    "Aazad Samaj Party (Kanshi Ram)": 0.004274770653434958,
    "Praja Sena Party": 0.002064859277707105,
    "Uttara Raashtra Telangana Party": 0.003344730730831344,
    "Rajyadhikara Party": 0.001254274024061754,
    "Bahujan Bharat Party": 0.0006442019647392002,
    "India Janshakti Party": 0.000418091341353918,
    "Bahujana Rashtra Samithi": 0.0003839614359372716,
    "Nationalist Janshakti Party": 0.00016211705072907026,
    "Indian Believers Party (IBP)": 0.004940303809059562,
    "Prajavani  Party": 0.003882276741143524,
    "Loktantrik Janta Dal": 0.0015742418873428137,
    "Communist Party of India": 0.3427325101939628,
    "Jatiya Jana Sena Party": 0.0037926857394248274,
    "Shramajeevi Party": 0.003937737837445574,
    "Bhartiya Krantisangh Party": 0.002568275382602639,
    "Jana Rajyam Party": 0.001838748654321823,
    "Prabuddha Republican Party": 0.006898507132339647,
    "Republican Party of India (Athawale)": 0.008430086637911652,
    "Pragatisheel Samaj Party": 0.0003455652923435445,
    "Desh Janhit Party": 0.005268804148694783,
    "Anna YSR Congress Party": 0.0005759421539059074,
    "Telangana Prajaa Jeevana Rythu Party": 0.0005546109630205034,
    "Telangana Labour Party": 0.0037542895958311002,
    "Bharosa Party": 0.0009257736844265328,
    "Rashtriya Samaj Paksha": 0.00015358457437490865,
    "Sakala Janula Party": 0.0014761184092699554,
    "All India Backward People Sunami Party": 0.00034129905416646367,
    "Rashtriya Janmorcha": 0.0005034161048955339,
    "Telangana Praja Shakthi Party": 0.009897672570827446,
    "Republican Sena": 0.0003199678632810597,
    "Vishwa Bharath Party": 0.00023464309973944376
  }
}