{
  "PercentageVotesByParty": {
    "Indian National Congress": 39.53085735978091,
    "Bharatiya Janata Party": 41.692698973117665,
    "Aam Aadmi Party": 0.3751987587854146,
    "Independent": 7.437535962781729,
    "Aazad Samaj Party (Kanshi Ram)": 0.8917356966211901,
    "Parivartan Party of India": 0.006153694616180771,
    "All India Majlis-E-Ittehadul Muslimeen": 0.01095503978001513,
    "Rashtriya Janata Sena": 0.14061154352372715,
    "None of the Above": 0.9639678094406405,
    "Bahujan Samaj Party": 1.819205209088616,
    "Abhinav Rajasthan Party": 0.05929900966137624,
    "Gana Suraksha Party": 0.001909941297437,
    "Right to Recall Party": 0.043557762957664954,
    "Rashtriya Loktantrik Party": 2.3873080389151675,
    "Ambedkarite Party of India": 0.006317692217678003,
    "National Future Party": 0.000524792324791144,
    "Republican Party of India": 0.0003910712035703237,
    "Aam Aadmi Parivartan Party": 0.00343638051137278,
    "Communist Party of India  (Marxist)": 0.9647549979278273,
    "Majdoor Kisan Akali Dal": 0.003933419395910545,
    "Indian Peoples Green Party": 0.04422384552374602,
    "Bharat Adivasi Party": 2.3462909772606984,
    "Bhartiya Tribal Party": 0.24580969728414423,
    "Jannayak Janta Party": 0.14453991683959164,
    "Peoples Party of India (Democratic)": 0.0035701016325936,
    "Lok Janshakti Party(Ram Vilas)": 0.008025790313272255,
    "Bharatiya Nav Kranti Party": 0.0011454601704575932,
    "Bahujan Mukti Party": 0.03025881899625091,
    "Rajasthan Vikas Party": 0.0031664152289081044,
    "Bharatiya Yuva Jan Ekta Party": 0.005159616847105238,
    "Bharatiya Samta Samaj Party": 0.003501979551971672,
    "Rashtriya Vyapari Party": 0.007019097344081551,
    "Rashtriya Lok Dal": 0.2065814710060062,
    "Abhinav Loktantra Party": 0.024655147105091632,
    "Social Democratic Party Of India": 0.011212389862364634,
    "Public Political Party": 0.004662577962567471,
    "Jan Sangharsh Virat Party": 0.00025482704232646894,
    "Pehchan People\u2019s Party": 0.003597855072846978,
    "National Janmandal Party": 0.009130881843361298,
    "Rajasthan Democratic Front": 0.002205136980132019,
    "Ummeed Party of India": 0.006731470781455635,
    "Bhartiya Janta Dal": 0.0009158635283614677,
    "Aam Janmat Party,": 0.0055405958905834244,
    "Rashtravadi Bharat Party": 0.0026290077040017888,
    "Communist Party of India  (Marxist-Leninist)  (Liberation)": 0.010256157693634617,
    "Azad Samaj Party": 0.004596978921968579,
    "Samajwadi Party": 0.009971054171031736,
    "Asankhya Samaj Party": 0.011565615465589443,
    "Rashtriya Jatigat Aarakshan Virodhi Party": 0.0011933979308952458,
    "Communist Party of India": 0.037729540504455615,
    "Jai Hind Congress Party": 0.0034111501111424363,
    "Republican Party of India (Athawale)": 0.005371552209040123,
    "Welfare Party Of India": 0.003002417627410872,
    "Bahujan Shoshit Samaj Sangharsh Samta Party": 0.00654224277972806,
    "Hindustan Janta Party": 0.002018432018427477,
    "Bheem Tribal Congress": 0.027521320571258646,
    "Bharat Lok Sewak Party": 0.0014986857736824016,
    "Rashtriya Sawarn Dal": 0.00031285696285625894,
    "People\u2019s Liberal Party": 0.00036079472329391153,
    "Bharatiya Mulnivasi Aazad Party": 0.002924203386696807,
    "Bhartiya Public Labour Party": 0.0022404595404544995,
    "Janata Congress": 0.005517888530376116,
    "Marxist Communist Party of India (United)": 0.0007316816066799604,
    "Nav Hind Party": 0.00039611728361639234,
    "Jai Maha Bharath Party": 0.00059796048545914,
    "Rashtriya Jan Shourya Party": 0.04030556436797368,
    "Rashtriya Jankranti Party": 0.00022707360207309114,
    "Akhil Bharatiya Congress Dal (Ambedkar)": 0.002674422424416407,
    "Vikas Manch": 0.08523081501812324,
    "Indian Indira Congress (R)": 0.0019048952173909314,
    "Akhil Bhartiya Aamjan Party": 0.0004339628839619075,
    "Jan Sangh Party": 0.00042891680391583884,
    "Swatantrata Abhivyakti Party": 0.001720713295709424,
    "Rashtra Bhakt Dal": 0.00038602512352425497,
    "Samrat Mihir Bhoj Samaj Party": 0.0002901496026489498,
    "Bhartiya Janraj Party": 0.00046676240426135406,
    "Bhartiya Jan Satta Party": 0.0002775344025337781,
    "Rashtriya Rashtrawadi Party": 0.001952832977828584,
    "Shiv Sena": 0.145889743251915,
    "Janta Sena Rajasthan": 0.11866361836335138,
    "Loktantrik Janshakti Party": 0.00020436624186578206
  }
}