{
  "PercentageVotesByParty": {
    "Indian National Congress": 39.57512810846172,
    "Bharatiya Janata Party": 41.69802636745602,
    "Aam Aadmi Party": 0.4033335214647578,
    "Independent": 7.407918371314793,
    "Aazad Samaj Party (Kanshi Ram)": 0.8873568452087446,
    "Parivartan Party of India": 0.006123477014189595,
    "All India Majlis-E-Ittehadul Muslimeen": 0.010901245262653228,
    "Rashtriya Janata Sena": 0.13992107317662988,
    "None of the Above": 0.9618302763985379,
    "Bahujan Samaj Party": 1.8115625104819666,
    "Abhinav Rajasthan Party": 0.05900782298667407,
    "Gana Suraksha Party": 0.00190056256651969,
    "Right to Recall Party": 0.043343873379651156,
    "Rashtriya Loktantrik Party": 2.3755852075675428,
    "Ambedkarite Party of India": 0.006286669308540691,
    "National Future Party": 0.0005222153419235079,
    "Republican Party of India": 0.0003891508557603064,
    "Aam Aadmi Parivartan Party": 0.003419506229326047,
    "Communist Party of India  (Marxist)": 0.9600175866058996,
    "Majdoor Kisan Akali Dal": 0.003914104413743985,
    "Indian Peoples Green Party": 0.04400668515978484,
    "Bharat Adivasi Party": 2.334769559424993,
    "Bhartiya Tribal Party": 0.24460265337615233,
    "Jannayak Janta Party": 0.14383015628900922,
    "Peoples Party of India (Democratic)": 0.0035525707154892487,
    "Lok Janshakti Party(Ram Vilas)": 0.007986379820474416,
    "Bharatiya Nav Kranti Party": 0.0011398354097753491,
    "Bahujan Mukti Party": 0.030110233633118412,
    "Rajasthan Vikas Party": 0.0031508666063173193,
    "Bharatiya Yuva Jan Ekta Party": 0.005134280645353719,
    "Bharatiya Samta Samaj Party": 0.0034847831470664857,
    "Rashtriya Vyapari Party": 0.006984630198226918,
    "Rashtriya Lok Dal": 0.2055670565673701,
    "Abhinav Loktantra Party": 0.024534078467675573,
    "Social Democratic Party Of India": 0.011157331632250331,
    "Public Political Party": 0.004639682460935782,
    "Jan Sangharsh Virat Party": 0.00025357571891478027,
    "Pehchan People\u2019s Party": 0.0035801878729948187,
    "National Janmandal Party": 0.010386561872776694,
    "Rajasthan Democratic Front": 0.0021943086963516632,
    "Ummeed Party of India": 0.0066984160204419186,
    "Bhartiya Janta Dal": 0.0009113661976838143,
    "Aam Janmat Party,": 0.005513388898384728,
    "Rashtravadi Bharat Party": 0.0026160980109821885,
    "Communist Party of India  (Marxist-Leninist)  (Liberation)": 0.010205795023649326,
    "Azad Samaj Party": 0.004574405543195344,
    "Samajwadi Party": 0.00992209149654665,
    "Asankhya Samaj Party": 0.01150882272777577,
    "Rashtriya Jatigat Aarakshan Virodhi Party": 0.0011875377727395156,
    "Communist Party of India": 0.03754427030348143,
    "Jai Hind Congress Party": 0.0033943997225028017,
    "Republican Party of India (Athawale)": 0.0053451753026689825,
    "Welfare Party Of India": 0.002987674311966223,
    "Bahujan Shoshit Samaj Sangharsh Samta Party": 0.0065101172192675765,
    "Hindustan Janta Party": 0.002008520545859646,
    "Bheem Tribal Congress": 0.02738617764279627,
    "Bharat Lok Sewak Party": 0.001491326505300787,
    "Rashtriya Sawarn Dal": 0.00031132068460824506,
    "People\u2019s Liberal Party": 0.00035902304757241165,
    "Bharatiya Mulnivasi Aazad Party": 0.0029098441408141615,
    "Bhartiya Public Labour Party": 0.002229457805904207,
    "Janata Congress": 0.005490793042243806,
    "Marxist Communist Party of India (United)": 0.0007280886978741216,
    "Nav Hind Party": 0.0003941721571249555,
    "Jai Maha Bharath Party": 0.00059502421171092,
    "Rashtriya Jan Shourya Party": 0.040107644650134805,
    "Rashtriya Jankranti Party": 0.00022595856140921014,
    "Akhil Bharatiya Congress Dal (Ambedkar)": 0.0026612897232640305,
    "Vikas Manch": 0.08481229069960586,
    "Indian Indira Congress (R)": 0.0018955412651550404,
    "Akhil Bhartiya Aamjan Party": 0.0004318319173598239,
    "Jan Sangh Party": 0.0004268106159951747,
    "Swatantrata Abhivyakti Party": 0.001712263765345348,
    "Rashtra Bhakt Dal": 0.00038412955439565724,
    "Samrat Mihir Bhoj Samaj Party": 0.00028872482846732406,
    "Bhartiya Janraj Party": 0.00046447037623004314,
    "Bhartiya Jan Satta Party": 0.0002761715750557013,
    "Rashtriya Rashtrawadi Party": 0.0019432436281192074,
    "Shiv Sena": 0.14517335440405288,
    "Janta Sena Rajasthan": 0.11808092289108858,
    "Loktantrik Janshakti Party": 0.00020336270526828912,
    "Shiromani Akali Dal (Amritsar)(Simranjit Singh Mann)": 0.0005347685953351307
  }
}