{
  "PercentageVotesByParty": {
    "Bharatiya Janata Party": 48.550546565623485,
    "Indian National Congress": 40.40073646417825,
    "Bahujan Samaj Party": 3.3963958797993863,
    "Samajwadi Party": 0.45509389945863293,
    "Independent": 3.3565000082081755,
    "None of the Above": 0.9833946080150143,
    "Aazad Samaj Party (Kanshi Ram)": 0.3274556205562329,
    "Peoples Party of India (Democratic)": 0.04313775603932034,
    "Vindhya Janta Party": 0.09473660056732519,
    "Jan Adhikar Party": 0.03943373061669241,
    "Bhartiya Shakti Chetna Party": 0.13076060449143087,
    "Bharatiya Jan Morcha Party": 0.0044811580066429655,
    "Akhil Bhartiya Apna Dal": 0.00030349556535498796,
    "Gondvana Gantantra Party": 0.9197433108082911,
    "Janseva Gondwana Party": 0.0038074898199080306,
    "Bharatiya Majdoor Janta Party": 0.000586298251253954,
    "Samatamoolak Samaj Party": 0.00350629346338149,
    "Samata Samadhan Party": 0.0005242196128858883,
    "Bahujan Mukti Party": 0.028815984246924727,
    "Socialist Unity Centre Of India (COMMUNIST)": 0.006361910828312513,
    "Rashtriya Jan Awaz Party": 0.0013243442851854019,
    "Bharat Adivasi Party": 0.2439276630275862,
    "Vastavik Bharat Party": 0.016853200712515618,
    "Aapka Gantantra Party": 0.003784497731623562,
    "Indian Peoples Adhikar Party": 0.006290635354630659,
    "Janata Dal  (United)": 0.016172634899295345,
    "Communist Party of India": 0.03423062103791713,
    "Aam Aadmi Party": 0.5367686946715513,
    "National World Leader Party": 0.004616811327521332,
    "Madhya Pradesh Jan Vikas Party": 0.0006667705602495948,
    "Lok Samaj Party": 0.004462764336015391,
    "Pichhara Samaj Party United": 0.0035706713105780018,
    "Bharatiya Sampuran Krantikari Party": 0.00126686406447423,
    "Sapaks Party": 0.015761076519003353,
    "Rashtriya Gondvana Party": 0.01888570131686266,
    "Sanyukt Kranti Party": 0.0008093215076133012,
    "Mahakaushal Rashtriya Party": 0.00498698394890128,
    "Bhartiya Veer Dal": 0.0032142939421687363,
    "Rashtriya mahan Gantantra Party": 0.002216437310622791,
    "Parivartan Party of India": 0.00397073364672776,
    "Prahar Janshakti Party": 0.022079302379575377,
    "All India Forward Bloc": 0.005515801979444061,
    "Jai Prakash Janata Dal": 0.0031959002715411613,
    "Gana Suraksha Party": 0.018430457968830177,
    "Akhand Bharat Samrajya Party": 0.0029521841357257918,
    "Jai Lok Party": 0.0011059194464829486,
    "Bhartiya Gan Varta Party": 0.0019451306688660593,
    "National Jagaran Party": 0.0005012275246014195,
    "Azad Samaj Party": 0.0017037137418791368,
    "Samajwadi Aam Janata Dal": 0.0014416039354361928,
    "Bharatiya Sabhyata Party": 0.0019911148454349967,
    "Right to Recall Party": 0.0050053776195288545,
    "All India Majlis-E-Ittehadul Muslimeen": 0.08878624811930466,
    "Vanchit Bahujan  Aaghadi": 0.005035267334298664,
    "Rashtravadi Bharat Party": 0.00835302567374751,
    "Lok Janshakti Party(Ram Vilas)": 0.002138264210455597,
    "Ahinsa Samaj Party": 0.0019934140542634433,
    "Bahujan Dravida Party": 0.008762284845211054,
    "Satyanishth Jan Sewak Party": 0.0007288491986176605,
    "Nyaydharmsabha": 0.001112817072968289,
    "Saman Aadmi Saman Party": 0.005226101667059755,
    "Rashtriya Rakshak Morcha": 0.0021658547163969596,
    "Bhagidari Party(P)": 0.0014232102648086178,
    "Bhartiya Krantisangh Party": 0.0014622968148922148,
    "Public Political Party": 0.005626164003209511,
    "Rashtriya Samanta Dal": 0.0010507384346002233,
    "Narmadakhand Navnirman Sena": 0.0015473675415447492,
    "Communist Party of India  (Marxist)": 0.013519347911267646,
    "Janata Congress": 0.003736214346226178,
    "Kranti Janshakti Party": 0.013300923072565193,
    "Ambedkarite Party of India": 0.0011289115347674172,
    "Jan Sewa Driver Party": 0.0021635555075685126,
    "Swatantra Jantaraj Party": 0.00083231359589777,
    "National Youth Party": 0.001133509952424311,
    "Rashtra Nirman Party": 0.0008576048930106858,
    "Aam Bhartiya Party": 0.004701882054173866,
    "Rashtriya Navjagran Party": 0.0032234907774825235,
    "Jan Sangh Party": 0.00045754255686092886,
    "Republican Party of India (A)": 0.010321148430898036,
    "Social Democratic Party Of India": 0.00582619517128439,
    "Akhand Bharat Chetna Dal": 0.00010116518845166265,
    "Sarvadharam Party (Madhya Pradesh)": 0.0010898249846838202,
    "Bahujan Gondwana Party": 0.0033085615041350577,
    "Bhartiya Swarnim Yug Party": 0.0018163749744730339,
    "Bharastachar Apraadh Mukt Nyay Dal": 0.002669381449826826,
    "Akhil Bhartiya Aarakshit Samaj Party": 0.003671836499029665,
    "United National Party": 0.0009035890695796233,
    "Bhartiya Samajik Party": 0.007394255592285161,
    "Rashtriya Samaj Paksha": 0.0018255718097868214,
    "Loktanter Suraksha Party": 0.0020279021866901467,
    "Smart Indians Party": 0.0013059506145578269,
    "Proutist Bloc, India": 0.002800436353048298,
    "Aadim Samaj Party": 0.0033936322307875928,
    "Loktantrik Samajwadi Party": 0.0013749268794112333,
    "Vikas India Party": 0.0007242507809607667,
    "Parivartan Samaj Party": 0.0005081251510867601,
    "Bhartiya Ganrajya Party": 0.009447449076088224,
    "Rashtriya Jansanchar Dal": 0.0006391800543082322,
    "Sainik Samaj Party": 0.0003931647096644162,
    "Malwa Congress": 0.0011748957113363549,
    "Janhit Kisan Party": 0.0028418221119603415,
    "Bhartiya Tribal Party": 0.0027360585058517854,
    "Navodaya Jantantrik Party": 0.0005931958777392946,
    "Samajwadi Jan Parishad": 0.0032004986891980545,
    "Aapki Apni Party (Peoples)": 0.0069643035413655945,
    "Rashtriya Krantikari Samajwadi Party": 0.0005380148658565696,
    "Rashtriya Pratibha Party": 0.0015266746620887274,
    "Adarshwaadi Congress Party": 0.0024440589846390316
  }
}