{
  "PercentageVotesByParty": {
    "Zoram People\u2019s Movement": 37.86374153691841,
    "Mizo National Front": 35.09728269542025,
    "Indian National Congress": 20.817613467982767,
    "Independent": 0.6766190986390681,
    "None of the Above": 0.39579866414388953,
    "Aam Aadmi Party": 0.08762281441630382,
    "Bharatiya Janata Party": 5.061321722479312
  }
}